{
  "none": {
    "mean": 0.00039883171196253286,
    "std": 0.0,
    "median": 0.00039883171196253286,
    "best": 0.00039883171196253286,
    "worst": 0.00039883171196253286,
    "n_valid": 1
  },
  "rule": {
    "mean": 1.0801596669995916e-05,
    "std": 0.0,
    "median": 1.0801596669995916e-05,
    "best": 1.0801596669995916e-05,
    "worst": 1.0801596669995916e-05,
    "n_valid": 1
  },
  "llm_react": {
    "mean": 6.506460025423877e-06,
    "std": 0.0,
    "median": 6.506460025423877e-06,
    "best": 6.506460025423877e-06,
    "worst": 6.506460025423877e-06,
    "n_valid": 1
  },
  "llm_react_deep": {
    "mean": 2.1296135077619738e-08,
    "std": 0.0,
    "median": 2.1296135077619738e-08,
    "best": 2.1296135077619738e-08,
    "worst": 2.1296135077619738e-08,
    "n_valid": 1
  }
}