{
  "none": {
    "mean": 0.10084065851257706,
    "std": 0.0,
    "median": 0.10084065851257706,
    "best": 0.10084065851257706,
    "worst": 0.10084065851257706,
    "n_valid": 1
  },
  "rule": {
    "mean": 0.09836664489057179,
    "std": 0.0,
    "median": 0.09836664489057179,
    "best": 0.09836664489057179,
    "worst": 0.09836664489057179,
    "n_valid": 1
  },
  "llm_react": {
    "mean": 0.09836664491878366,
    "std": 0.0,
    "median": 0.09836664491878366,
    "best": 0.09836664491878366,
    "worst": 0.09836664491878366,
    "n_valid": 1
  },
  "llm_react_deep": {
    "mean": 0.09836664486229774,
    "std": 0.0,
    "median": 0.09836664486229774,
    "best": 0.09836664486229774,
    "worst": 0.09836664486229774,
    "n_valid": 1
  }
}