{
  "none": {
    "mean": 19.89980866531404,
    "std": 0.0,
    "median": 19.89980866531404,
    "best": 19.89980866531404,
    "worst": 19.89980866531404,
    "n_valid": 1
  },
  "rule": {
    "mean": 19.899160992120684,
    "std": 0.0,
    "median": 19.899160992120684,
    "best": 19.899160992120684,
    "worst": 19.899160992120684,
    "n_valid": 1
  },
  "llm_react": {
    "mean": 15.919330317695014,
    "std": 0.0,
    "median": 15.919330317695014,
    "best": 15.919330317695014,
    "worst": 15.919330317695014,
    "n_valid": 1
  },
  "llm_react_deep": {
    "mean": 19.899235252039034,
    "std": 0.0,
    "median": 19.899235252039034,
    "best": 19.899235252039034,
    "worst": 19.899235252039034,
    "n_valid": 1
  }
}