{
  "none": {
    "mean": 110.11153720826117,
    "std": 0.0,
    "median": 110.11153720826117,
    "best": 110.11153720826117,
    "worst": 110.11153720826117,
    "n_valid": 1
  },
  "rule": {
    "mean": 36.42518345004452,
    "std": 0.0,
    "median": 36.42518345004452,
    "best": 36.42518345004452,
    "worst": 36.42518345004452,
    "n_valid": 1
  },
  "llm_react": {
    "mean": 106.18858570388109,
    "std": 0.0,
    "median": 106.18858570388109,
    "best": 106.18858570388109,
    "worst": 106.18858570388109,
    "n_valid": 1
  },
  "llm_react_deep": {
    "mean": 82.59086029675757,
    "std": 0.0,
    "median": 82.59086029675757,
    "best": 82.59086029675757,
    "worst": 82.59086029675757,
    "n_valid": 1
  }
}