{
  "none": {
    "mean": 1.163969742532638e-05,
    "std": 0.0,
    "median": 1.163969742532638e-05,
    "best": 1.163969742532638e-05,
    "worst": 1.163969742532638e-05,
    "n_valid": 1
  },
  "rule": {
    "mean": 5.874232813731152e-13,
    "std": 0.0,
    "median": 5.874232813731152e-13,
    "best": 5.874232813731152e-13,
    "worst": 5.874232813731152e-13,
    "n_valid": 1
  },
  "llm_react": {
    "mean": 2.5562615121799024e-11,
    "std": 0.0,
    "median": 2.5562615121799024e-11,
    "best": 2.5562615121799024e-11,
    "worst": 2.5562615121799024e-11,
    "n_valid": 1
  },
  "llm_react_deep": {
    "mean": 1.5397688020126721e-12,
    "std": 0.0,
    "median": 1.5397688020126721e-12,
    "best": 1.5397688020126721e-12,
    "worst": 1.5397688020126721e-12,
    "n_valid": 1
  }
}