{
  "none": {
    "mean": 3.171461193036681,
    "std": 0.0,
    "median": 3.171461193036681,
    "best": 3.171461193036681,
    "worst": 3.171461193036681,
    "n_valid": 1
  },
  "rule": {
    "mean": 3.171461193036681,
    "std": 0.0,
    "median": 3.171461193036681,
    "best": 3.171461193036681,
    "worst": 3.171461193036681,
    "n_valid": 1
  },
  "llm_react": {
    "mean": 3.5810721331412236,
    "std": 0.0,
    "median": 3.5810721331412236,
    "best": 3.5810721331412236,
    "worst": 3.5810721331412236,
    "n_valid": 1
  },
  "llm_react_deep": {
    "mean": 4.175131365674126,
    "std": 0.0,
    "median": 4.175131365674126,
    "best": 4.175131365674126,
    "worst": 4.175131365674126,
    "n_valid": 1
  }
}