{
  "none": {
    "mean": 1.2202938486798578,
    "std": 0.0,
    "median": 1.2202938486798578,
    "best": 1.2202938486798578,
    "worst": 1.2202938486798578,
    "n_valid": 1
  },
  "rule": {
    "mean": 1.2202938486798578,
    "std": 0.0,
    "median": 1.2202938486798578,
    "best": 1.2202938486798578,
    "worst": 1.2202938486798578,
    "n_valid": 1
  },
  "llm_react": {
    "mean": 0.5569694953500524,
    "std": 0.0,
    "median": 0.5569694953500524,
    "best": 0.5569694953500524,
    "worst": 0.5569694953500524,
    "n_valid": 1
  },
  "llm_react_deep": {
    "mean": 0.8645574182230618,
    "std": 0.0,
    "median": 0.8645574182230618,
    "best": 0.8645574182230618,
    "worst": 0.8645574182230618,
    "n_valid": 1
  }
}