{
  "none": {
    "mean": 47.89344282745205,
    "std": 0.0,
    "median": 47.89344282745205,
    "best": 47.89344282745205,
    "worst": 47.89344282745205,
    "n_valid": 1
  },
  "rule": {
    "mean": 47.89344282745205,
    "std": 0.0,
    "median": 47.89344282745205,
    "best": 47.89344282745205,
    "worst": 47.89344282745205,
    "n_valid": 1
  },
  "llm_react": {
    "mean": 45.831334506036995,
    "std": 0.0,
    "median": 45.831334506036995,
    "best": 45.831334506036995,
    "worst": 45.831334506036995,
    "n_valid": 1
  },
  "llm_react_deep": {
    "mean": 46.48285606849646,
    "std": 0.0,
    "median": 46.48285606849646,
    "best": 46.48285606849646,
    "worst": 46.48285606849646,
    "n_valid": 1
  }
}