{
  "none": {
    "mean": 797.7926182044837,
    "std": 0.0,
    "median": 797.7926182044837,
    "best": 797.7926182044837,
    "worst": 797.7926182044837,
    "n_valid": 1
  },
  "rule": {
    "mean": 797.7926182044837,
    "std": 0.0,
    "median": 797.7926182044837,
    "best": 797.7926182044837,
    "worst": 797.7926182044837,
    "n_valid": 1
  },
  "llm_react": {
    "mean": 178.42825931397826,
    "std": 0.0,
    "median": 178.42825931397826,
    "best": 178.42825931397826,
    "worst": 178.42825931397826,
    "n_valid": 1
  },
  "llm_react_deep": {
    "mean": 317.2574398839022,
    "std": 0.0,
    "median": 317.2574398839022,
    "best": 317.2574398839022,
    "worst": 317.2574398839022,
    "n_valid": 1
  }
}