{
  "none": {
    "mean": 24.477023558618523,
    "std": 0.0,
    "median": 24.477023558618523,
    "best": 24.477023558618523,
    "worst": 24.477023558618523,
    "n_valid": 1
  },
  "rule": {
    "mean": 24.477023558618523,
    "std": 0.0,
    "median": 24.477023558618523,
    "best": 24.477023558618523,
    "worst": 24.477023558618523,
    "n_valid": 1
  },
  "llm_react": {
    "mean": 0.6900785689918565,
    "std": 0.0,
    "median": 0.6900785689918565,
    "best": 0.6900785689918565,
    "worst": 0.6900785689918565,
    "n_valid": 1
  },
  "llm_react_deep": {
    "mean": 0.13903994129835046,
    "std": 0.0,
    "median": 0.13903994129835046,
    "best": 0.13903994129835046,
    "worst": 0.13903994129835046,
    "n_valid": 1
  }
}