{
  "none": {
    "mean": 0.9949590587526593,
    "std": 1.4070845948939799,
    "median": 0.9949590587526593,
    "best": 0.0,
    "worst": 1.9899181175053187,
    "n_valid": 2
  },
  "rule": {
    "mean": 0.9949590587526593,
    "std": 1.4070845948939799,
    "median": 0.9949590587526593,
    "best": 0.0,
    "worst": 1.9899181175053187,
    "n_valid": 2
  },
  "llm_react": {
    "mean": Infinity,
    "std": 0.0,
    "median": Infinity,
    "best": Infinity,
    "worst": Infinity,
    "n_valid": 0
  },
  "llm_react_deep": {
    "mean": Infinity,
    "std": 0.0,
    "median": Infinity,
    "best": Infinity,
    "worst": Infinity,
    "n_valid": 0
  }
}