{
  "none": {
    "mean": 19.89980866531404,
    "std": 0.0,
    "median": 19.89980866531404,
    "best": 19.89980866531404,
    "worst": 19.89980866531404,
    "n_valid": 1
  },
  "rule": {
    "mean": 19.899160992120684,
    "std": 0.0,
    "median": 19.899160992120684,
    "best": 19.899160992120684,
    "worst": 19.899160992120684,
    "n_valid": 1
  },
  "llm_react": {
    "mean": 19.899160990684734,
    "std": 0.0,
    "median": 19.899160990684734,
    "best": 19.899160990684734,
    "worst": 19.899160990684734,
    "n_valid": 1
  },
  "llm_react_deep": {
    "mean": 19.899160990589536,
    "std": 0.0,
    "median": 19.899160990589536,
    "best": 19.899160990589536,
    "worst": 19.899160990589536,
    "n_valid": 1
  }
}