{
  "none": {
    "mean": 1.163969742532638e-05,
    "std": 0.0,
    "median": 1.163969742532638e-05,
    "best": 1.163969742532638e-05,
    "worst": 1.163969742532638e-05,
    "n_valid": 1
  },
  "rule": {
    "mean": 5.874232813731152e-13,
    "std": 0.0,
    "median": 5.874232813731152e-13,
    "best": 5.874232813731152e-13,
    "worst": 5.874232813731152e-13,
    "n_valid": 1
  },
  "llm_react": {
    "mean": Infinity,
    "std": 0.0,
    "median": Infinity,
    "best": Infinity,
    "worst": Infinity,
    "n_valid": 0
  },
  "llm_react_deep": {
    "mean": Infinity,
    "std": 0.0,
    "median": Infinity,
    "best": Infinity,
    "worst": Infinity,
    "n_valid": 0
  }
}