{
  "none": {
    "mean": 1.163969742532638e-05,
    "std": 0.0,
    "median": 1.163969742532638e-05,
    "best": 1.163969742532638e-05,
    "worst": 1.163969742532638e-05,
    "n_valid": 1
  },
  "rule": {
    "mean": 5.874232813731152e-13,
    "std": 0.0,
    "median": 5.874232813731152e-13,
    "best": 5.874232813731152e-13,
    "worst": 5.874232813731152e-13,
    "n_valid": 1
  },
  "llm_react": {
    "mean": 1.054733261055551e-09,
    "std": 0.0,
    "median": 1.054733261055551e-09,
    "best": 1.054733261055551e-09,
    "worst": 1.054733261055551e-09,
    "n_valid": 1
  },
  "llm_react_deep": {
    "mean": 2.147424287753858e-22,
    "std": 0.0,
    "median": 2.147424287753858e-22,
    "best": 2.147424287753858e-22,
    "worst": 2.147424287753858e-22,
    "n_valid": 1
  }
}