{
  "PSO": {
    "mean": 19.89980866531404,
    "std": 0.0,
    "median": 19.89980866531404,
    "best": 19.89980866531404,
    "worst": 19.89980866531404,
    "n_valid": 1
  },
  "HPSOSCAC": {
    "mean": 119.64987582165844,
    "std": 0.0,
    "median": 119.64987582165844,
    "best": 119.64987582165844,
    "worst": 119.64987582165844,
    "n_valid": 1
  },
  "CLPSO": {
    "mean": 28.01324062584139,
    "std": 0.0,
    "median": 28.01324062584139,
    "best": 28.01324062584139,
    "worst": 28.01324062584139,
    "n_valid": 1
  },
  "jDE": {
    "mean": 0.0,
    "std": 0.0,
    "median": 0.0,
    "best": 0.0,
    "worst": 0.0,
    "n_valid": 1
  },
  "LLM4PSO(rule)": {
    "mean": 19.899160992120684,
    "std": 0.0,
    "median": 19.899160992120684,
    "best": 19.899160992120684,
    "worst": 19.899160992120684,
    "n_valid": 1
  }
}