{
  "PSO": {
    "mean": 1.4924385856399347,
    "std": 2.1106268888209154,
    "median": 1.4924385856399347,
    "best": 0.0,
    "worst": 2.9848771712798694,
    "n_valid": 2
  },
  "HPSOSCAC": {
    "mean": 42.31212345820933,
    "std": 3.6293916729076257,
    "median": 42.31212345820933,
    "best": 39.74575599471436,
    "worst": 44.8784909217043,
    "n_valid": 2
  },
  "CLPSO": {
    "mean": 4.881108148374604,
    "std": 2.2012896766929893,
    "median": 4.881108148374604,
    "best": 3.324561290629049,
    "worst": 6.43765500612016,
    "n_valid": 2
  },
  "jDE": {
    "mean": 0.0,
    "std": 0.0,
    "median": 0.0,
    "best": 0.0,
    "worst": 0.0,
    "n_valid": 2
  },
  "LLM4PSO(rule)": {
    "mean": 0.9949590587526593,
    "std": 1.4070845948939799,
    "median": 0.9949590587526593,
    "best": 0.0,
    "worst": 1.9899181175053187,
    "n_valid": 2
  }
}