{
  "PSO": {
    "mean": 5.322995294644007e-43,
    "std": 7.527852137101694e-43,
    "median": 5.322995294644007e-43,
    "best": 7.2975447844833555e-53,
    "worst": 1.064599058855826e-42,
    "n_valid": 2
  },
  "HPSOSCAC": {
    "mean": 2.34626187e-316,
    "std": 0.0,
    "median": 2.34626187e-316,
    "best": 0.0,
    "worst": 4.69252375e-316,
    "n_valid": 2
  },
  "CLPSO": {
    "mean": 0.18396043399166867,
    "std": 0.06596956389744463,
    "median": 0.18396043399166867,
    "best": 0.13731290800786633,
    "worst": 0.230607959975471,
    "n_valid": 2
  },
  "jDE": {
    "mean": 1.0658268363869493e-84,
    "std": 1.4982629239021488e-84,
    "median": 1.0658268363869493e-84,
    "best": 6.394962895355605e-87,
    "worst": 2.125258709878543e-84,
    "n_valid": 2
  },
  "LLM4PSO(rule)": {
    "mean": 1.7896894178615898e-112,
    "std": 2.5310030471754696e-112,
    "median": 1.7896894178615898e-112,
    "best": 3.2024397028859585e-136,
    "worst": 3.5793788357231795e-112,
    "n_valid": 2
  }
}