{
  "PSO": {
    "mean": 1.163969742532638e-05,
    "std": 0.0,
    "median": 1.163969742532638e-05,
    "best": 1.163969742532638e-05,
    "worst": 1.163969742532638e-05,
    "n_valid": 1
  },
  "HPSOSCAC": {
    "mean": 8.126491323681576e-259,
    "std": 0.0,
    "median": 8.126491323681576e-259,
    "best": 8.126491323681576e-259,
    "worst": 8.126491323681576e-259,
    "n_valid": 1
  },
  "CLPSO": {
    "mean": 230.45268774916775,
    "std": 0.0,
    "median": 230.45268774916775,
    "best": 230.45268774916775,
    "worst": 230.45268774916775,
    "n_valid": 1
  },
  "jDE": {
    "mean": 8.027252321046546e-41,
    "std": 0.0,
    "median": 8.027252321046546e-41,
    "best": 8.027252321046546e-41,
    "worst": 8.027252321046546e-41,
    "n_valid": 1
  },
  "LLM4PSO(rule)": {
    "mean": 5.874232813731152e-13,
    "std": 0.0,
    "median": 5.874232813731152e-13,
    "best": 5.874232813731152e-13,
    "worst": 5.874232813731152e-13,
    "n_valid": 1
  }
}